Timestamp,Food 17,restaurants 17,Vegetables ,Other ,Meat,Dairy products and eggs,Bakery,Fruit,All-items,Food purchased from stores,Fresh or frozen beef,Fresh or frozen pork,Fresh or frozen chicken,Dairy products,Eggs,Coffee,Baby foods,Shelter 18,Transportation,Gasoline,Energy 25,Fish seafood
1985-01-01,64.6,56.8,65.5,74.2,63.4,70.8,67,71.5,61.7,68.1,62.4,68.2,64.1,70.7,71.5,96.8,71.7,64.8,58.1,73.9,67.2,59
1985-02-01,65.3,56.8,69.8,74.5,63.7,70.6,67.3,75.8,62.1,69,64.2,68.3,63.1,70.5,70.8,97.5,72,65,58.2,73.3,67,59.2
1985-03-01,65.2,56.8,68.1,74.4,63.4,70.3,67.4,76.4,62.2,68.8,63.6,67.9,61.5,70.4,69.4,96.8,71.7,65,58.5,73.1,67,59.2
1985-04-01,66,57.1,73.2,74.6,63.7,70.3,68.3,80.2,62.5,69.8,65.5,66,63.6,70.4,68.9,97.1,71.6,65.3,58.5,72.9,67,59.8
1985-05-01,65.5,57.3,68.4,74.7,62.7,70.3,68,80.3,62.7,69.1,63.3,65.1,63,70.4,70.3,98,72,65.4,58.6,72.6,67,59.7
1985-06-01,65.8,57.3,71.2,74.8,63.1,69.8,67.3,82.5,63,69.5,63.7,66.1,63.3,69.9,69.9,97.7,71.8,65.5,58.8,72.1,66.8,60.6
1985-07-01,66.2,57.7,71,76,63.9,69.8,67.4,82.6,63.3,70,63.8,67.7,65.9,69.7,69.4,99.5,71.7,65.5,58.8,70.8,66,60.6
1985-08-01,65.8,58,64.3,76.1,63.4,70,67.8,82.9,63.3,69.3,62.5,69.8,65.7,69.9,70,99.3,71,65.8,59.1,71.2,66.2,60.9
1985-09-01,65.2,58.2,57.8,76.3,62.6,70,67.3,80,63.4,68.2,61.2,67.8,65.5,70,69.1,99,71.7,65.9,59.8,74.4,67.7,60.7
1985-10-01,65,58.3,58.8,76.3,62.1,70.2,67.4,77.2,63.6,67.9,60.9,67.5,63.2,70.2,68.9,97.1,72.4,66.3,59.9,75.2,68.1,60.9
1985-11-01,65.3,58.4,63.7,75.5,63.6,70.3,67.4,73,63.8,68.3,62.4,69.2,65.1,70.4,69.1,96.6,72.4,66.4,60.6,76.1,68.5,60.6
1985-12-01,66.2,58.6,72.2,74.9,64.1,70.9,68.2,75.1,64.1,69.5,63.4,71.1,63.5,70.9,69.7,95.1,72.8,66.6,61.1,76.9,68.8,60.2
1986-01-01,67.3,59.1,76,77.5,65.1,70.9,69.3,76,64.4,70.8,64.7,72.1,65.1,70.9,69.7,99.8,73.3,66.8,61.4,77.3,69.4,60.6
1986-02-01,66.9,59.1,68.4,78.1,64.2,70.8,70.3,77.6,64.7,70.3,62.6,72.8,64.5,70.9,69.3,107.6,72.8,67,61.6,77.3,69.4,61.3
1986-03-01,67,59.3,66.2,78.6,64.2,71.1,70.6,79.2,64.9,70.3,63.4,69.8,64.3,71.1,69.5,115,74,67,61.3,73.1,67.1,61.3
1986-04-01,67.7,59.7,71.1,79.5,63.6,71,71.3,82.2,64.9,71.1,61.4,70.9,64.3,71.3,68.6,120.6,73.2,67,60.2,65.2,62.6,61.4
1986-05-01,68.2,59.9,75.3,79.8,64,71.4,71.2,83.5,65.3,71.9,62.8,70.1,64.5,71.5,70,124.1,73.1,67.1,60.2,62.4,61,61.9
1986-06-01,68.4,60,74.1,79.9,64.9,71.1,71.1,83.1,65.4,72,62.8,75.3,64.5,71.3,68.6,126.5,74,67.1,60.5,62.5,60.8,62
1986-07-01,69.2,60.6,75.7,80.2,66.5,71.3,71.7,84.8,65.9,72.9,62.9,81.6,68.4,71.5,68.7,127,73,67.2,61.6,62.1,60.6,62.2
1986-08-01,69.5,60.9,71.9,80.2,67.8,71.5,71.9,86.7,66,73.3,63.4,84.6,69.8,71.8,68.6,125,73.5,67.5,61.5,61.6,60.4,62.7
1986-09-01,69.9,60.9,66.6,80.8,71.3,71.8,71.7,83.8,66,73.8,65.3,87.7,80.1,72,69.4,123.7,74.1,67.6,60.5,60.7,59.6,63.1
1986-10-01,70.2,61.3,70.7,81,71.5,71.8,71.1,82.9,66.4,74,65.3,88.1,79.1,72,69,121,74.4,68.3,60.5,60,59.1,63.6
1986-11-01,70.6,61.6,78,79.9,72.1,72.1,71.6,78.9,66.7,74.5,68,87,76,72.3,69.3,121.3,74.4,68.5,61.5,61.3,59.7,65.3
1986-12-01,70.5,61.7,75.9,78.8,72.9,72.5,72.2,76.1,66.8,74.3,70.4,86.2,75.5,72.9,69,118.1,74.8,68.8,61.7,61.8,59.9,65.9
1987-01-01,71.2,62.1,79.6,81,72.8,72.5,72.6,77.4,67,75.2,69.3,87,75.9,73,67.6,117.8,75.5,69,61.7,62.7,60.7,67.1
1987-02-01,71.2,62.1,82.7,81.1,71,72.8,72.3,79.4,67.3,75.2,67.8,83,74.5,73.3,67.4,115.9,74.8,69.3,61.6,64.5,62,67.5
1987-03-01,71.2,62.3,81.3,81.9,70.5,72.4,72.8,79.6,67.5,75,67.6,81.5,73.7,73,66.9,113.6,76.2,69.6,62.3,66.7,63.2,67.6
1987-04-01,71.2,62.3,80.9,81.3,71.2,72.2,72.6,79.3,67.9,75,69.9,81.3,74.4,72.9,65.1,107.5,75.2,69.9,62.3,67.6,63.6,67.6
1987-05-01,71.8,62.7,84.3,79.8,72,72.4,73.2,82.6,68.3,75.8,70.7,83.3,73.9,73,66.2,103.2,76.1,70.1,62.6,67.5,63.7,67.8
1987-06-01,72.6,62.3,90.6,79.3,73,72.4,72.6,88.2,68.5,77.1,71.2,90.6,72.8,72.9,67.4,102.2,76.1,70.3,62.8,69,64.4,67.9
1987-07-01,72.8,62.7,88.5,79.8,73.4,72.4,73.7,87.8,68.9,77.2,71,91.1,72.1,73,66.9,100.8,75.1,70.5,64.7,69.9,64.7,68.4
1987-08-01,72.1,62.9,71.5,80.3,74.6,72.9,73.6,85.9,69,76,71.6,90.5,76.5,73.3,68.9,99.8,77,70.8,64.6,70.5,65,69
1987-09-01,71.7,63.1,70.1,80.2,73.8,73.5,73.3,83,69,75.4,70.5,89.1,73.1,74.1,68.1,99,77.2,71,64.1,71,65.5,69.3
1987-10-01,71.8,63.4,72,79.9,74.3,73.1,73.1,81.6,69.2,75.5,71.5,89.3,76.1,73.6,67.2,96.6,76,71.7,64,70.8,65.3,70.3
1987-11-01,72.1,63.6,78.4,79.7,73.8,73.2,73.6,80.9,69.5,75.8,71.4,83.3,74.3,73.6,68.4,97.1,76.8,72,64.3,71,65.5,70.3
1987-12-01,72.1,63.7,84.6,78.3,72.3,73.1,73.7,78.6,69.6,75.5,71.1,80.8,69.7,73.5,68.2,95.8,76.3,72.1,64.6,70.7,65.5,70.4
1988-01-01,72.8,64.1,85.8,81.1,72.9,73.4,74.4,78.6,69.7,76.5,71.7,81,71.7,73.8,68.9,95.8,77.5,72.5,63.6,69.6,65.5,71.4
1988-02-01,72.6,64.4,81.4,81.4,72,73.8,74.3,81.5,70,76.2,69.6,80.8,73.8,74.3,68.6,96.5,76.3,72.5,63.6,67.8,64.6,72
1988-03-01,72.5,64.5,75.3,81.3,72.3,74.1,74.6,81.6,70.4,75.8,71.8,76.5,73.2,74.6,68.5,95.1,78,72.8,64.5,66.6,64.1,72.6
1988-04-01,72.8,64.8,77.5,81.5,72.2,74.4,74.9,82.6,70.6,76.3,71.9,77.5,71.4,75,68.9,95.7,77.7,73,64.6,68.5,64.8,72.9
1988-05-01,73.3,65.3,80.1,80.5,72,75.4,74.9,85.4,71,76.8,70.7,79.5,73.8,76.2,68.6,95.3,76.8,73.2,64.5,69.5,65.4,73.7
1988-06-01,73.9,65.4,79.2,80.9,72.9,75.5,75.9,90.3,71.2,77.6,72,84.2,73.3,76.2,68.2,94.1,79.5,73.4,64.3,69.2,65.2,73.8
1988-07-01,74.6,65.9,81.2,81.3,73.6,75.9,75.9,91,71.6,78.3,71.7,85.8,75.9,76.7,68.6,94.3,80.1,73.5,65.2,69.6,65.3,74.3
1988-08-01,74.8,66.2,78.2,82.4,73.8,76.3,76.3,92.2,71.7,78.5,71.7,84.5,78.6,76.8,70.6,94.1,78.1,74,64.8,67.4,64.2,75.2
1988-09-01,74.6,66.4,75,82.3,73.8,76.5,76.1,91.4,71.8,78.2,70.7,83.7,82.1,77.1,70.9,94.4,81.2,74.3,64.4,67.7,64.3,76
1988-10-01,74.6,66.7,75.4,82.8,73.6,76.4,76.8,88.1,72.2,78.1,72.3,83.9,76.9,76.8,71.8,93.8,81.6,75.1,64.3,67,63.9,77.1
1988-11-01,74.3,67,76.3,82.7,72.9,76.3,76.8,84.6,72.3,77.5,71,80.9,74,76.6,73.2,92.5,80.6,75.3,65.3,65.9,63.3,77.2
1988-12-01,74.1,67.2,78.5,81,72.9,76.4,76.7,80.3,72.3,77,71.4,82.1,74.2,76.8,72,92,78.7,75.5,65.1,65.6,63.1,77
1989-01-01,74.9,67.6,83,83.4,73.5,77.1,76.9,79.4,72.7,78.2,71.1,81.2,78.4,77.3,74.1,92.6,80.3,76.1,65.7,65.9,63.6,77.2
1989-02-01,75.6,67.8,90.8,84,73.6,77.2,76.8,78.7,73.2,78.9,72.3,80,77.9,77.5,74.5,95.5,80.5,76.4,65.7,66.3,64,77.2
1989-03-01,75.6,68.1,84.2,85,74,76.9,77.3,80.9,73.6,78.8,72.8,80.6,80.8,77.3,72.6,95.7,81.2,76.8,66.2,67,64.4,77
1989-04-01,75.9,68.3,85.3,84.5,74.4,77,77.5,82.1,73.8,79.2,73.6,80.1,80.6,77.3,73,95.6,79.7,77.3,66.5,68.8,65,77.6
1989-05-01,76.4,68.6,92.4,84.2,73.8,77.3,77.2,83.6,74.6,79.8,72.3,80.5,81.3,77.8,72.8,95.3,80.1,77.6,67.2,73.3,67.5,77.7
1989-06-01,76.9,68.7,96.6,84.2,74.5,77.4,77.4,84.5,74.9,80.4,73.1,82.9,84,77.7,74.2,95.3,80.7,77.9,68.2,74.1,67.9,77.7
1989-07-01,77.6,69.5,95.7,85.1,75.7,77.5,78.1,86.3,75.4,81.1,73.9,84.7,84.1,77.8,74.6,95.1,81.2,78.2,69,75.5,68.1,77.9
1989-08-01,77.1,69.6,82.8,85.5,75.6,77.7,78.5,88.1,75.5,80.4,71.9,86.3,86.8,77.9,75.5,95.8,81.7,78.6,68.7,75.3,68.1,78.4
1989-09-01,76.8,69.9,74.9,86.2,76.5,78.4,78.2,85.3,75.6,79.8,73.3,85.8,90.1,78.7,76.1,95.8,82.3,78.7,68.7,75.2,68,77.8
1989-10-01,77.1,70.1,77.9,85.3,76.8,79,79.3,84.1,75.9,80,74.5,86.4,88,79.2,76.2,95.1,83.5,79.6,68.7,74.7,67.8,76.6
1989-11-01,77,70.4,82.4,84.8,75.9,79.2,79.1,81.3,76.1,79.9,72.7,84.3,83.8,79.4,76.5,94.3,82.5,79.9,69.5,74.9,68.1,76.3
1989-12-01,76.6,70.5,75.3,83.6,76.6,79.2,79.8,81,76.1,79.2,73.5,84,86.8,79.4,75.8,93.1,82.6,80.1,69.5,74,67.8,75.5
1990-01-01,78.5,70.9,93.1,86,77.8,79.5,80.3,81.4,76.7,81.8,74,86.3,90.8,79.9,76.1,93.8,83.5,80.9,70.1,75.5,69.4,76.3
1990-02-01,79.2,71,102.4,86.9,76.4,80,80.5,83.6,77.2,82.7,74.6,84.3,82.8,80.5,75.6,93.8,84.5,81.3,70.4,77,70.2,76.6
1990-03-01,79.4,71.3,98,86.9,77.1,79.7,80.7,87.3,77.5,82.9,74,84.1,86.9,80.1,74.6,93.9,84.4,81.5,70.6,78.3,70.8,76.1
1990-04-01,78.8,71.7,84.8,87.6,77.9,79.5,81.2,85.9,77.5,81.9,75,85.2,87.7,79.8,75.7,93,85,81.9,70.4,79.4,71.4,75.8
1990-05-01,79,72.2,84.8,87,78.4,79,80.6,88.1,77.9,82,75.4,88.6,87.6,79.5,74.3,92.6,85.8,82.2,70.4,80.4,72.2,76.2
1990-06-01,80.1,72.2,88.7,86.9,80.8,79.2,81,92.8,78.2,83.6,76.9,96.9,86.4,79.6,75,92.6,85.1,82.2,70.7,81.1,72.6,76.9
1990-07-01,80.6,72.8,88.5,87.7,81.1,79.2,80.8,96.4,78.5,84.1,76,96.1,88.3,79.6,75.7,93.2,86,82.2,71.7,81.5,72.4,76.6
1990-08-01,79.9,73,79.4,87.1,80.4,79.5,80.4,96,78.6,82.9,76,94.7,85.7,79.9,76.6,93.1,86.3,82.5,71.6,81.9,72.6,76.9
1990-09-01,79.7,73.1,72.4,87.8,81.5,81.4,81,90.5,78.8,82.6,76.2,92.4,91.1,81.6,78.4,92.5,85.8,82.8,71.7,83.2,73.4,77.2
1990-10-01,80.1,73.6,78.6,87.8,81.9,81.7,81.5,86.7,79.5,83,77.8,93.7,89.2,82,78.4,91.6,86.1,83.8,72.7,89.3,76.7,77
1990-11-01,80.2,73.9,82.1,87.1,81.3,81.9,81.8,85.9,80,83.1,75.8,92.4,87.4,82.3,77.7,91.1,86.1,84.2,74.5,93,79.3,76.6
1990-12-01,79.9,74.2,77.5,84.3,81.9,82.2,82.3,85.6,79.9,82.4,77.4,91.3,90.6,82.6,77,91.4,87.5,84.3,74.6,92.3,79.2,77
1991-01-01,83.2,79.5,83.2,89.4,82.1,82.2,82.6,92.7,82,84.8,77.3,93.1,90,82.8,76.9,91.8,88.3,85.8,74.9,91.8,82.6,78.3
1991-02-01,83.2,79.6,83.7,89.2,81.4,82.2,81.7,95.2,82,84.7,77.5,89.4,88.8,82.9,76.2,90.8,87.5,85.8,73.4,82.8,77.9,78
1991-03-01,83.5,79.8,80.7,89.5,80.9,83.3,82.2,99.2,82.3,84.9,77.6,86.8,87.3,83.9,77.4,90.6,87.6,85.6,72.5,78.6,75.4,78
1991-04-01,83.8,80,89.8,89.4,80,82.8,82,98.4,82.3,85.4,76.3,88.8,84.2,83.4,76.5,89.8,87.4,85.7,71.8,76.9,74.1,77.8
1991-05-01,84,80.3,93.7,88.7,79.4,82.6,81,100.3,82.7,85.4,76.3,86.9,82.8,83.1,77,90.4,88,85.8,72.4,80.4,76.3,78.8
1991-06-01,85.5,80.3,110.5,88.7,80.5,82.6,81.8,102.9,83.1,87.7,77.2,88.3,86.3,83.3,76,88.4,88.7,86,72.4,81.3,76.5,79.1
1991-07-01,84.9,80.4,100.3,88.3,80.5,82.7,81.1,105.4,83.2,86.9,75.7,90.5,86.6,83.4,76.8,87.9,88.2,86.3,72.7,82.7,77.5,79.2
1991-08-01,84,80.6,83.2,88.6,80.3,82.6,81.2,105.6,83.3,85.4,76.1,88.3,85.7,83.4,75.1,87.7,89.5,86.5,73,82.4,77.3,79.8
1991-09-01,82.9,80.7,74,87.7,79.9,82.2,81.1,100.8,83.1,83.7,76.6,88.5,85,83,75.1,87.7,87.9,86.5,72.8,83.5,77.8,79.9
1991-10-01,82.1,80.9,72.1,87.5,79,82.2,81.4,93,83,82.5,74.7,87.4,85.6,83,75.4,87,87.3,87.2,72.4,80.4,76.3,79.2
1991-11-01,82.3,81.1,79.8,85.9,79.3,82.9,81.5,89.9,83.3,82.7,75,87.3,84,83.7,74.9,85.2,87.2,87.2,73.6,80.2,76.3,78
1991-12-01,81.7,81.2,77.7,84.2,78.6,83,81.6,85.9,82.9,81.7,74.6,84.7,86.1,83.7,75.4,83.8,87.1,87.2,72.8,77.4,75.4,77.4
1992-01-01,82.4,81.4,81.9,86.2,78.6,83.1,81.2,87.4,83.3,82.6,73.6,84.7,87.4,83.9,75.5,84.4,87.6,87.6,73.6,79.9,77.6,78.7
1992-02-01,82.5,81.5,86.9,84.8,78.2,83.1,81,88.1,83.3,82.7,74.4,82,85.4,84.2,72.6,82.4,87.5,87.6,72.7,75.7,75.6,78.7
1992-03-01,82.9,81.6,92.2,84.7,77.9,82.8,81.5,90,83.6,83.3,75.3,80.4,82.9,83.7,73.5,82,88.1,87.5,73.6,74.7,75.1,79
1992-04-01,83.2,81.6,95.2,85.2,78.1,82.7,81.6,89.9,83.7,83.7,75.9,81.5,83.4,83.7,73.9,81.3,88.3,87.4,73.7,75.2,75.2,79.1
1992-05-01,83,81.7,86.4,85,78.5,83,82.1,91.9,83.8,83.4,75.5,83.5,84,83.9,73.9,81.7,89.6,87.6,74,76.9,76.3,80
1992-06-01,83.7,81.7,87.4,85.5,79.1,83.3,82.6,96.9,84,84.3,75.7,85.2,85.2,84.2,74.2,81.7,89,87.5,74.7,79.5,77.5,80.5
1992-07-01,83.5,82,86.5,85.9,78.2,83,82.9,96.5,84.2,84.1,74.1,87.3,83.6,83.8,74.8,80.5,89.3,87.7,75.3,82.3,79,82.2
1992-08-01,83.4,82.1,80,85.6,78.6,83.3,82.9,98.8,84.2,83.9,74.4,85.2,86.3,84.2,74.9,79.4,89.4,87.9,74.5,80.3,78.1,82.4
1992-09-01,83,82.1,77,85.5,78.8,83.5,83.1,95.2,84.2,83.3,74.8,85.2,86.4,84.3,75,79.4,89.2,87.7,74.3,79.4,77.6,82.9
1992-10-01,83,82.4,78.5,85.5,79,83.6,83,89.8,84.3,83,76.1,86.6,86.8,84.4,76.2,79.2,89.1,88.4,74.2,79,77.5,84.1
1992-11-01,83.1,82.4,83.3,85.6,79.6,83.8,83.2,86.4,84.7,83.3,76.6,84.5,86.4,84.6,75.8,77,88.8,88.6,76.2,80.3,78.3,83.2
1992-12-01,83.4,82.5,84.9,85.9,80.1,83.7,83.6,86.1,84.7,83.7,76.9,83.9,90,84.6,75.5,77.2,89.1,88.7,75.9,79.6,78.2,83.1
1993-01-01,84.1,82.7,89.9,86.3,80.8,84,83.3,87.4,85,84.6,77.3,83.5,90,84.8,75.5,77.2,89.3,88.9,76.2,79.4,78.6,84.6
1993-02-01,84.5,82.7,92.4,87.1,81.6,83.1,83.3,89,85.3,85.2,79.5,83.2,89.9,84.1,73.4,78.8,89.2,88.9,76.2,78.2,78.2,84.7
1993-03-01,84.2,82.7,96.5,86.3,80.6,82.4,82.9,85.9,85.2,84.7,77.8,83.6,88.5,83.4,72,77.2,88.1,88.9,76.2,76.9,77.6,85.2
1993-04-01,84,82.7,93.1,86.2,80.5,82.6,82.9,86.7,85.2,84.4,78.2,84.9,88.1,83.6,72.7,77.7,88.2,89,75.9,76.9,77.7,85.2
1993-05-01,84.9,83,102.4,86.3,81.5,82.4,82.6,87.4,85.4,85.5,80.2,85,86.7,83.4,72.5,77.3,88.6,88.9,75.9,77.9,78.2,85.4
1993-06-01,84.9,83,99.4,87,81.9,82.5,83.2,87.6,85.4,85.6,80,87.5,87.4,83.6,72.4,77.5,88.5,88.9,76.1,79.5,78.9,85.4
1993-07-01,84.9,83,93.5,87.1,82.6,82.5,83.9,89.3,85.6,85.5,80.5,93.1,85.8,83.4,73,77.6,88.6,88.9,76.8,78.4,78.6,85.6
1993-08-01,84.5,83.1,85.2,87.7,82,82.6,83.8,91.4,85.7,84.9,80,90,85.8,83.6,73.2,77.3,89,89,76.8,77.4,78.1,85.7
1993-09-01,84.1,83,78.6,87.3,82.2,82.7,83.2,91.9,85.7,84.4,79.3,89.2,88.2,83.7,73.3,77.2,89.8,89,76.9,78,78.4,85.4
1993-10-01,84.2,83.2,80.5,87.1,81.8,82.5,84,91.9,85.9,84.4,79.9,90.6,84,83.4,73.9,76.7,90.2,89.4,76.8,76.9,78,85.4
1993-11-01,84.5,83.2,87.3,86.8,82,82.7,84.1,90.6,86.3,84.9,78.7,89.3,87.3,83.7,74.1,77.5,89.6,89.5,78.8,75.8,78,84.2
1993-12-01,84.9,83.3,91.1,86.7,83.1,83,84.4,87.8,86.1,85.4,80.7,89.8,88.2,83.9,74.3,78,89.8,89.6,78.5,73.3,77.1,83.6
1994-01-01,85.2,83.5,95.4,87.2,82.5,83.3,84.4,86.9,86.1,85.8,79.7,89.8,87.4,84.2,74.5,77.3,90.2,89.5,77.9,71.4,76.4,84.3
1994-02-01,84.9,83.6,88,87.6,82.9,82.8,84.4,87.6,85.4,85.2,80.7,89.4,87.7,83.7,74.4,78,90.3,89.5,79,72.9,77.3,84.5
1994-03-01,84.3,83.8,86.8,87.2,82.3,80.2,84.4,86.4,85.4,84.3,79.6,89,85.5,80.9,73.7,78,90.4,89.4,79,73,77.5,84.5
1994-04-01,84.6,83.9,86.8,87.7,81.8,82.6,85.2,86.3,85.4,84.8,80,87.6,83.1,83.4,74.7,78,90,88.9,79.4,74.4,77.4,84.8
1994-05-01,84.6,83.7,89.1,86.7,82.1,82,84.5,88.1,85.2,84.8,80.4,88.8,82.2,82.9,74.2,77.3,90.7,89,79.4,76.1,78.1,84.6
1994-06-01,84.9,83.7,93.2,86.3,82.2,82.4,84.7,87.4,85.4,85.2,80.1,89.6,82.8,83.1,74.4,79.5,90.3,89.2,80,78.4,79.2,83.5
1994-07-01,85.3,84,93.7,87.1,81.9,82.8,85,91,85.7,85.8,80,89.3,81.8,83.5,75.9,86.6,90.6,89.2,80.8,79.8,79.9,84.7
1994-08-01,85.1,84.2,83.4,88.2,81.9,82.7,84.8,94.6,85.8,85.4,79.4,88.7,84.6,83.4,76.1,102.7,90.7,89.4,81.1,81.3,80.6,85.2
1994-09-01,84.5,84.4,73.5,89.3,82.2,83,84.9,90.9,85.9,84.4,80,90,84.6,83.6,77,113.8,90.7,89.4,80.8,79.5,79.8,86
1994-10-01,84.8,84.5,75.9,90.7,82.2,82.7,85.7,87.5,85.7,84.7,80.7,89.6,82.8,83.4,77.1,130.7,90.3,89.7,80.2,76.2,78.2,85.8
1994-11-01,84.9,84.6,82.9,91.2,80.8,83.4,85.5,85.5,86.2,84.9,79.3,89.6,77.3,84,77.1,135.2,90.3,89.8,82,78.4,79.5,86
1994-12-01,85.1,84.7,86.4,91.8,80.5,84,86.2,82.5,86.3,85.2,79.6,86.7,77.3,84.6,78.6,137.6,91,90.1,82.4,76.4,78.8,86.8
1995-01-01,86.4,84.9,92.5,94.4,80.9,84.5,86.8,86.7,86.6,87,79,87.6,80.4,85.1,79.7,138.9,91.2,90.2,82.7,76.2,78.5,87.1
1995-02-01,86.9,85,92.5,95.5,81.8,84.7,88,86.3,87,87.6,80.4,90.2,79.9,85.3,79.4,137.1,91.5,90.2,83.1,76.9,78.7,87.7
1995-03-01,86.9,85.1,91.9,94.9,82.2,84.8,88,84.9,87.2,87.4,80.6,89.8,80.3,85.3,80.1,135.6,92.1,90.3,83.5,78,79.2,87.7
1995-04-01,87.8,85.3,101.1,94.5,82.6,85.2,89,86.7,87.5,88.8,81.3,91.6,83.4,85.7,80.6,135.1,92.2,90.1,83.8,81,79.5,87.9
1995-05-01,87.3,85.6,94.2,94.7,81.6,85.2,87.7,87.8,87.7,87.9,79.3,88.9,81.9,85.8,81.1,134.4,93.8,90.3,84.8,85,81.3,88.4
1995-06-01,87.4,85.7,97.1,94.2,81.8,85.2,88,87.2,87.7,88.1,80,87.9,82.3,85.6,81,133.9,93.7,90.5,84.8,84,81.2,88.4
1995-07-01,87.4,85.9,91.4,94.3,82.7,85.3,87.4,90.9,87.9,88,80.8,91.5,82.8,85.7,81.5,133.1,93.2,90.5,84.8,82.4,80.6,88.4
1995-08-01,86.6,86.1,76,94.8,83.1,85,87.8,91.3,87.7,86.8,79.6,96.2,83.3,85.2,82.7,132.7,94.2,90.5,84.4,80.1,79.5,88.6
1995-09-01,86.4,86.2,71.8,94.9,83.4,85.5,88.9,87.7,87.8,86.4,79.6,93.7,84.8,85.8,83.1,131.2,93,90.5,84.7,80.7,79.7,88.8
1995-10-01,86.4,86.2,71.8,94.9,83.3,85.6,89.9,86.7,87.7,86.4,79.1,94.5,86.4,85.8,83.2,128.2,92.9,90.4,84.4,79.5,78.8,89
1995-11-01,86.4,86.2,73.2,94.6,82.7,85.9,90,86.8,88,86.4,77.7,90.5,85.2,86.2,83.5,128.7,93.4,90.6,85.3,77.7,78.5,88.7
1995-12-01,86.8,86.2,78.2,94.2,82.5,85.7,91.5,86.7,87.8,86.9,78.7,91.9,83.4,86,83.3,127.4,93.3,90.6,85.8,79.1,79.5,88.1
1996-01-01,87.2,86.4,79.9,95.5,82.7,86.3,90.3,87.5,88,87.4,77,93.9,85.2,86.6,83.5,127.7,92.7,90.6,85.8,78.9,79.5,88.4
1996-02-01,87.3,86.6,77.4,95.8,83.3,86.7,91.1,86.5,88.1,87.4,78.3,95.5,84.6,87,83.9,124.5,92.8,90.6,85.8,78.4,79.3,88.4
1996-03-01,87.4,86.7,79.1,95.3,83.3,86.6,91.1,88.7,88.5,87.7,77,94.3,87.2,86.8,85.3,120.8,92,90.6,86.5,81.1,80.6,87.7
1996-04-01,88.3,86.8,88.1,95.3,83.8,86.3,91.6,89.9,88.7,88.8,78.1,95.9,88.2,86.5,84.7,120.3,92.7,90.5,87.4,84.3,81.7,87
1996-05-01,87.9,86.8,83.4,95.6,83.8,86.2,90.8,89.6,89,88.2,76.2,98.2,86.6,86.3,85.2,119.6,92.4,90.6,88.5,89.6,84.3,87
1996-06-01,88.5,87.1,85.6,95.1,85,86.3,90.8,92.4,89,88.9,75.9,105.5,88.1,86.3,86.4,117.4,93.1,90.4,87.8,86.9,83.1,87
1996-07-01,88.3,87.2,84.1,95.2,84.7,86.5,90.4,91,89,88.6,74.9,98.5,91.4,86.3,87.9,118.7,92.3,90.5,86.9,82.4,81,87
1996-08-01,88,87.2,77.3,94.8,85.5,86.3,91.2,91.9,89,88.2,74.4,102.6,92.1,86.3,86.3,117.9,91.9,90.3,87.2,82.5,81.1,87.2
1996-09-01,87.7,87.3,67.8,94.9,86.9,87.1,92.7,89.9,89.1,87.8,75,100.2,96,86.9,89.1,116.4,91.2,90.5,87.2,83.7,81.7,87.3
1996-10-01,88.3,87.6,70.4,94.9,86.8,87.9,94.1,91,89.3,88.5,76,99,96.6,87.7,90.1,115.9,89.4,90.9,87.4,84.7,83.4,87.6
1996-11-01,88.9,87.7,77.8,95.5,86.9,88.5,94.1,89.9,89.7,89.3,75.4,99,95.7,88.5,88.6,115.9,89,90.6,90.3,85.5,83.3,87.3
1996-12-01,88.7,87.7,75,94.1,86.4,88.9,95.2,91.1,89.7,89,76.4,100.1,93.6,88.7,91.1,114.6,89.7,90.8,90.6,85.4,83.8,87.1
1997-01-01,89.1,87.7,79.4,95,86.8,89.1,94.4,90.6,89.9,89.6,76.5,103.9,92.7,89,91.2,115.1,89,90.9,90.4,85.6,84.4,88
1997-02-01,89.4,88,82.5,95.4,86.8,89.1,95.1,87.8,90.1,89.8,76.4,99.6,93.1,89.1,90.1,115,89.8,90.9,90.3,86.8,84.9,87.1
1997-03-01,89.4,88.1,83.4,95.2,86.4,89.2,95.1,87.6,90.2,89.7,76,101,90,89.3,88.8,115.3,90.9,90.9,90.4,85.4,84.5,87.3
1997-04-01,89,88,81.5,94.7,86.4,89.1,94.2,88.1,90.2,89.4,76.4,102.8,91.3,89.2,88.9,115.8,90.7,90.9,90.1,84.3,83.1,87.3
1997-05-01,89.4,88.2,81,94.8,87.1,89.3,93.1,91.8,90.3,89.8,76.3,107,91.6,89.1,91.2,118.1,89.8,90.7,90.1,84.7,83.2,87.6
1997-06-01,89.7,88.6,85.4,94.3,88.2,89,93.2,90.1,90.5,90.1,76.9,104.7,97.1,88.8,91,122.2,89.6,90.8,90.4,85.5,83.6,87.3
1997-07-01,90.1,88.7,88.2,94.6,88.3,89.4,93.2,90.8,90.5,90.6,77.4,106.7,92.8,89.2,90.7,124,90.7,90.8,89.9,83.4,82.9,87.7
1997-08-01,89.5,88.8,80.6,94.6,88.7,89.4,92.5,89.5,90.6,89.8,77.9,106.5,93.6,89.2,91.3,124.1,89.8,90.6,90.7,87.3,84.6,87.4
1997-09-01,88.9,88.9,73,93.6,88.4,89.6,93.2,88,90.6,88.7,76.7,105.2,94.6,89.5,91.9,123.6,89,90.6,90.9,88.1,84.9,87.4
1997-10-01,88.9,88.9,73,94.8,87.7,89.6,95,87.1,90.6,88.9,77.5,101.1,95.5,89.7,89.4,124.5,90.3,90.7,90.2,86,84.2,87.8
1997-11-01,89.8,89.1,82,94.4,87.8,90.1,95.4,87.4,90.5,89.9,77.3,99.3,95.4,90,92,121.7,90.8,90.7,90.4,83.4,83.2,88.4
1997-12-01,89.7,89.4,81.3,94.1,87.6,90.1,95.5,86.7,90.4,89.8,78.7,99.9,93,89.8,93,122.6,91.5,90.8,90.2,82.1,82.9,88.2
1998-01-01,91.2,89.7,97.4,95.8,87,90.3,94.5,88.7,90.9,91.8,76.6,94.8,94.3,90.1,92,123.5,89.4,90.8,90.2,80.8,82.3,88.4
1998-02-01,90.5,89.8,88.9,96.1,86.4,90.7,94.7,87.5,91,90.8,77.8,94.9,90.3,90.7,90.3,122.9,89.7,90.7,89.8,79.2,80.8,88.4
1998-03-01,90.7,89.8,93.9,95.8,85.8,91,94.2,87.2,91.1,91.1,76.1,93.1,91.4,90.9,92,121.6,89.2,90.8,89.5,76.9,79.9,88.3
1998-04-01,90.5,90,92.4,95.9,84.7,91.4,94.3,87.1,91,90.8,76,92.5,91.1,91.3,92.6,121.9,90.5,90.9,89.4,77.7,80,88.4
1998-05-01,90.9,90.1,93.6,95.9,84.5,91.6,92.9,92.1,91.3,91.3,76.6,89.1,89.8,91.4,92.9,122.3,90.8,91,89.7,79.4,81.2,89.7
1998-06-01,91.6,90.2,95,96.1,86,91.9,93.1,94.6,91.4,92.2,76.7,96.5,91.7,91.9,92.6,120.9,92.5,90.9,89.7,79.1,81.1,90
1998-07-01,91.3,90.4,91.9,95.8,86.6,91.7,92.8,93.2,91.4,91.7,76.6,98.7,92.8,91.7,92.3,119.1,92,91,89.5,78,80.4,90.5
1998-08-01,90.8,90.5,81.4,95.9,87.4,91.7,92.7,94.3,91.4,90.9,78.1,97.7,94.5,91.8,90.4,118.1,92.4,91.1,89.4,77,80.3,90.3
1998-09-01,90.1,90.8,74.8,95.7,86.9,91.9,93.2,91.3,91.2,89.8,77.1,95.8,93.5,91.9,92,118.5,93,91,89.2,76.6,79.1,90.8
1998-10-01,90.2,90.8,78.2,95.4,85.5,91.8,94.2,91.3,91.6,89.9,76.4,93.6,93.3,91.8,91.9,117.9,92,91.6,89.6,78.3,80.8,91.9
1998-11-01,91.2,90.8,84.2,95.8,87,92.3,94.8,93,91.6,91.4,77.9,91.3,95.1,92.3,92.3,117.1,91.9,91.5,90.1,77.5,80.3,92.3
1998-12-01,91.2,90.9,85.5,95.5,85.9,92.1,95.4,93.1,91.3,91.3,77.7,89.5,94,92,92.7,116.5,92.7,91.8,89.5,74.2,79.4,92.4
1999-01-01,92.3,91.1,92.3,96.9,85.6,92.2,95.4,97.7,91.5,92.8,77,86.5,94.1,92.3,92.2,116.4,92.2,91.8,89.4,74.4,79.5,93.1
1999-02-01,91.8,91.3,89.9,97,85.7,92.2,95.7,92.6,91.6,92.1,77.1,89,94.6,92.2,92.1,117.2,92.8,91.8,89.2,73.2,78.9,94
1999-03-01,92,91.4,92.1,97.1,85.9,92.8,94.7,91.7,92,92.2,78.1,86.4,91.4,92.8,92.6,115.6,92.7,91.8,90.2,75.8,80,94.3
1999-04-01,92.2,91.7,90.7,97,85.1,92.7,95.3,95.4,92.5,92.4,78.1,86.1,91.2,92.8,92.2,116.1,91.6,92,91.9,82.3,83,94.7
1999-05-01,92.4,91.8,90.3,96.4,86.3,92.6,93.9,97.7,92.7,92.6,78,89.5,95,92.6,91.6,115.4,92.2,91.9,92.3,83.3,83.6,95.7
1999-06-01,92.7,91.9,94.1,97.4,86.5,92.4,93.6,96.8,92.9,93,79.3,89.6,94.5,92.7,90.1,114.7,93.8,92,92,82.1,83,95.4
1999-07-01,92.5,92,91.1,96.9,87.4,92.5,93.7,95.5,93.1,92.7,80,89.4,94.3,92.6,91.2,115,94.5,92.1,92.7,85.5,84.8,96.2
1999-08-01,91.8,92.3,82.2,97,87.4,92.3,93.3,94.2,93.3,91.6,79.2,89.9,95.5,92.5,90,114.9,94.4,92.3,94,90.8,87.8,96
1999-09-01,91.2,92.3,76.7,97.4,87.7,92.3,93.7,91,93.6,90.8,79.6,90.1,97.9,92.6,89.8,113.9,94.8,92.8,94.5,92.7,89,96.1
1999-10-01,91.4,92.7,78.2,97.2,86.8,92.4,95.2,90,93.7,90.9,79.4,89.8,93.1,92.5,91.4,113.6,94.1,92.9,94.5,93.2,90.1,96
1999-11-01,92,93,81.1,96.9,87.8,92.5,95.4,91.4,93.6,91.5,78.2,90.6,95.6,92.6,91.4,111.1,92.7,93.1,94.7,91.7,89.3,95.9
1999-12-01,92.2,93,83.6,96.2,88.1,92.4,96.4,91.5,93.7,91.9,79.2,87.8,97.4,92.5,91.4,110.1,94.2,93.4,95.5,93.9,91.3,96.4
2000-01-01,92.1,93.1,87.4,97.1,87.7,92.3,93.7,89.7,93.5,91.7,78.9,88.1,95.5,92.4,91.8,109,94.2,93.7,94.7,93.3,91.5,95.7
2000-02-01,91.9,93.2,82.7,97.6,87.9,93.2,93.4,89,94.1,91.4,80.7,87.2,92.7,93.3,91.6,110.5,94.1,94.4,95.6,96.2,94.2,95.1
2000-03-01,92.3,93.4,84.9,97.8,88.9,93.6,93.9,87.8,94.8,91.9,81.1,90,93.3,93.8,91.5,110.4,94.7,94.5,97.5,104.7,97.9,94.6
2000-04-01,92.5,93.6,86.1,97.4,89.5,93.6,94,87.9,94.5,92.1,83.4,91,94.5,93.8,91.4,108.9,96.4,94.5,96.1,98.8,94.3,94.8
2000-05-01,93.2,93.6,90.5,97.2,90.2,93.9,93.8,90.2,94.9,93,83.6,94.7,93.9,94.1,92.3,109.6,96.9,94.7,96.6,100.7,95.4,96
2000-06-01,93.8,93.9,93.3,97.8,90.9,93.8,94.2,92,95.5,93.8,84.3,96.2,93.8,94.1,91.2,109.2,95.6,95,98,107.1,99.1,96.1
2000-07-01,94.3,94,94.7,97,92.3,94.2,94.4,93.4,95.8,94.4,85.3,98.9,94.7,94.3,92.8,108.7,95.9,95.5,97.6,106.7,99.9,96.1
2000-08-01,94,94.4,89,97.1,92.6,94.2,94.4,93,95.7,93.9,85.8,97.4,95,94.3,92.7,108.8,96.3,95.7,96.7,103,98.2,96.8
2000-09-01,93.3,94.5,81.5,97.3,92.4,94.6,94.2,90.4,96.1,92.8,85.9,97.8,93.8,94.7,93.5,107.4,96.5,96.3,98.1,109.1,102.5,96.4
2000-10-01,93.1,94.6,81.4,96.8,91.9,94.3,94.7,89.7,96.3,92.5,85,96.9,97,94.4,93.2,107.3,96.7,97.2,97.8,108.3,103.8,96.3
2000-11-01,93.9,94.7,86.4,97.3,92.3,94.7,95.3,91.3,96.6,93.6,84.7,95.8,96.5,94.8,94.5,106.1,97.5,97.7,99.7,109.2,105.4,96.8
2000-12-01,95.1,94.9,97.5,96.7,92.6,94.7,96.4,94.6,96.7,95.2,86.9,98.1,96.5,94.7,94.7,106.9,97.1,98.1,98.5,104.8,103.7,97.5
2001-01-01,95.3,95.3,92.7,98.5,94.3,95.1,95.4,93.6,96.3,95.3,88.9,97.9,98.7,95.1,94.8,106,95.7,97.5,97.5,103.1,101,98.1
2001-02-01,96.1,95.5,96.3,98.7,95.4,96.5,96.1,92.9,96.8,96.3,92.4,95.6,97.8,96.6,95.2,106.4,96.9,97.3,97.8,103.8,100.2,98.9
2001-03-01,96.9,95.7,100.4,98.9,97.3,97.1,96.1,92.9,97.1,97.3,96.3,98.8,97.6,97.2,96,107.1,96.1,98.4,96.8,101.4,101.5,99.2
2001-04-01,97.2,95.9,97.7,99.2,98.1,96.9,96.2,97.2,97.8,97.7,98.4,107.1,97.8,97,96.1,106.1,96.4,98.9,98.3,106.9,105.2,98.8
2001-05-01,98,96.2,99.2,99.2,99.5,97.4,96.7,100,98.6,98.7,99.6,104.4,98.7,97.4,97,106.7,97.4,100,99.6,112.8,110.7,99.3
2001-06-01,98.2,96.7,98.5,98.9,99.9,97.7,97.1,100,98.7,98.8,99.4,103.7,98.8,97.7,97.1,106.5,99.6,100.3,98.9,108,109.3,99.5
2001-07-01,98.6,97.3,99.6,99.4,100,97.5,98,99.8,98.4,99.1,97.4,105.6,100.8,97.6,96.5,103.3,99.8,99.9,97,97.6,102.7,99.9
2001-08-01,97.9,97.7,90,99.2,99.8,97.4,98.1,99.2,98.4,97.9,96.5,106.2,100.5,97.5,96.8,105.1,99.3,99.9,97.3,99,102.9,100.2
2001-09-01,97.2,97.9,82.6,99.3,100.3,97.5,97.8,96.1,98.6,96.9,97.6,104.8,101.2,97.6,96.7,104.7,99,99.6,98.9,106.5,105.7,100.4
2001-10-01,97,98.1,82.1,99.4,99.4,97.2,98.3,95.7,98.1,96.6,97,105.7,102,97.2,97.1,103.1,100,99.8,96.9,98,101,99.9
2001-11-01,97.5,98.3,86.2,99,99.4,97.4,98.6,97,97.2,97.2,96.3,103.6,100.1,97.4,97.6,103.5,99.8,98.4,94.4,88.2,92.2,99.6
2001-12-01,98.6,98.6,94.7,98.8,99.3,97.4,99,101.4,97.4,98.6,98.1,102.4,100.3,97.4,97.5,104,100,98.9,93.7,84.5,91.9,99.8
2002-01-01,99.7,99.1,104.8,99.9,99.7,97.8,98.4,101.4,97.6,100,97.8,103.7,100.6,97.9,96.6,103.7,100.2,99.3,94.4,86.7,94,99.8
2002-02-01,100.3,99.2,108.4,100.6,100.3,99.1,99.2,98.8,98.2,100.7,99,104,99.4,99.2,98.2,101.8,100.2,99.4,94.8,87.9,94.4,99.9
2002-03-01,100.1,99.3,110.3,99.6,99.6,99.7,98.9,97.6,98.9,100.4,99.3,99,99.7,99.8,98.3,101.4,99.7,99.4,97.1,96,98.1,99.1
2002-04-01,100.5,99.4,108.3,100.2,100.6,100.1,99.3,99.5,99.5,100.9,101.7,101,99.5,100.3,98.9,100,99.2,99.1,99.5,102.5,99.9,99.5
2002-05-01,100.1,99.6,101.8,99.7,100.6,100.1,99.4,100.7,99.7,100.3,100.5,100.8,100.4,100.3,98.8,101.8,99.7,99.4,99.7,100.6,99.1,100
2002-06-01,100.5,99.9,105.6,99.9,100.5,100.2,99.8,100.3,99.9,100.7,100.9,101,98.8,100.3,99.1,100.2,99.5,99.3,99.7,99.7,98,99.7
2002-07-01,100.5,100.2,105.3,99.7,100.1,100.2,99.3,101.4,100.5,100.6,100.5,99.4,99.5,100.3,98.6,98.9,99.4,99.5,100.7,102.5,99.5,100.4
2002-08-01,99.9,100.5,94,100,100.4,100.2,99.7,101.8,100.9,99.7,100.5,99.7,99.7,100.3,99.4,99.9,98.9,100.3,101.9,105,102.9,100.4
2002-09-01,99,100.6,85.1,100.1,100,100.5,99.5,99.8,100.9,98.4,99.9,98.8,99,100.4,101.2,98.1,98.3,100.7,101.8,105.2,103.9,101
2002-10-01,98.5,100.6,82.9,99.5,99.1,100.4,99.5,98.9,101.2,97.7,99.8,98.9,102.1,100.3,102.2,98.1,99.4,101.7,102.6,106.9,106.8,99.8
2002-11-01,100.1,100.7,94.8,100.4,99.6,100.8,102.9,98.9,101.5,99.9,99.4,97.1,100.7,100.5,104,96.7,102.1,101.7,103.6,104.9,105.1,100.2
2002-12-01,100.8,101,98.7,100.4,99.4,100.8,104.1,101,101.1,100.7,100.7,96.4,100.6,100.5,104.7,99.5,103.1,100.1,104.2,102.2,98.4,100.1
2003-01-01,101.6,101.3,103.4,102.4,101.1,101.1,103.5,99.1,102,101.8,102.3,98.9,102.4,100.8,103.9,96.6,102.2,102.1,105.5,108.4,108.3,100.7
2003-02-01,101.5,101.6,98.6,102.3,102.6,102.4,103.9,96.6,102.8,101.5,106.1,99,102.3,102.1,104.7,99.7,101.2,102.5,107.1,116.1,113,100.3
2003-03-01,101.7,101.8,99.9,102.2,103.2,102.9,104.1,96.1,103.1,101.7,106.2,101.4,103,102.7,104.5,99.6,102.1,103.2,107.6,117.2,115.3,100
2003-04-01,101.8,102,98.3,102.3,103.3,102.9,104.4,96,102.4,101.7,107.9,99.6,104.8,102.8,103.9,100.9,101.2,102.3,105.4,106.7,106,99.7
2003-05-01,102.1,102.2,97.7,102.9,103.3,103,104,98.9,102.5,102.1,105.6,101.4,105.2,102.9,104.2,101.3,100.1,102.9,104,99.3,103.7,100.5
2003-06-01,102.4,102.3,98.8,103.8,103.1,103.5,104,98.9,102.5,102.4,104.4,101.9,104.9,103.4,103.6,100.3,99.4,103.4,103.7,100.5,105.7,100.5
2003-07-01,102.4,102.6,97.7,103.8,102.1,103.5,103.6,101.1,102.6,102.3,99.2,100.4,108,103.4,105.1,101.8,99.5,103.3,104.1,102.4,106.2,100.2
2003-08-01,101.5,102.7,88.8,104.1,99.5,103.9,104.1,100.8,102.9,101,91,98.6,108.9,103.7,105.8,101.5,99.5,103.4,105.9,111.6,110.7,100.2
2003-09-01,100.8,102.9,81.5,105.1,98.7,103.6,104.2,98.2,103.1,100,90.3,98.2,105.8,103.4,104.9,101.7,99.7,103.6,105.6,110.8,110.6,99.8
2003-10-01,100.7,103.2,81.1,103.5,99.9,103.5,104.7,96.8,102.8,99.6,94.5,101.7,108.4,103.3,105.9,102.3,98.7,103.8,103.9,103.5,105.7,97.9
2003-11-01,101.7,103.4,88.6,103.1,102.6,103.5,104.9,97.4,103.1,101,100.8,99.7,108.9,103.2,106.2,102.7,97.8,104,104.8,100.5,104.4,97.9
2003-12-01,102.6,103.6,96.7,104,101.9,103.7,105.8,98.3,103.2,102.2,100.2,99.7,108.1,103.5,105.6,102.8,97.2,104.4,104.7,100,105.1,98.4
2004-01-01,102.8,104.1,98,105,101.5,104,104.6,96.6,103.3,102.2,98.7,99.3,108,103.9,105.5,101.8,96.7,104.3,105.8,105.8,107.1,99.8
2004-02-01,102.6,104.3,94.7,104.5,102.5,104.6,105.3,94.5,103.5,101.9,99.9,100.2,108.6,104.5,104.9,101.4,95.9,104.5,105.5,109.4,109.5,99.3
2004-03-01,102.7,104.1,96.3,103.7,103.2,105.1,105.8,94.4,103.9,102.1,100.5,100.6,110.3,105,105.2,101.5,97.6,104.6,106.2,112.3,110.6,98.7
2004-04-01,102.5,104.5,91.5,103.8,102.6,104.7,106.8,95.5,104.1,101.7,100.5,100.7,111.6,104.8,104.1,100.5,96.6,105.1,106.7,113.9,112.8,98.5
2004-05-01,103.4,104.8,91.8,104.1,104.3,105.9,106.8,100.2,105,102.8,102.9,104,111.3,105.7,107.5,103.2,96.6,105.3,110.2,129.4,120.5,99
2004-06-01,104.4,104.9,93.4,104.4,108.5,106.1,106.9,102.2,105.1,104.2,107.5,110,117.4,105.8,108.5,102.7,96.4,105.7,109.4,125.1,119.4,99.1
2004-07-01,104.4,105.2,89.3,104.6,109.1,106.1,107.3,102.1,105,104,107.3,111.3,118.3,105.8,109.6,103.3,96.9,106,108.8,120.7,117.5,100.1
2004-08-01,104.1,105.5,83.8,104.4,109.9,106.2,107.1,102.3,104.8,103.6,108,110.8,119.7,105.9,109.7,103,97.4,106.2,107.6,120.3,117.6,99.8
2004-09-01,103.7,105.6,80.1,104.5,109.3,106.3,107.3,99.8,105,102.8,107.4,109.1,118,106,109.6,102.1,98.2,106.5,106.9,118.8,117,98.9
2004-10-01,104.2,105.9,85.2,104.5,108.2,106,108.3,101.1,105.2,103.4,105.4,110.1,118.1,105.8,108.7,102.8,97.3,107,107.6,124.5,119.5,99.1
2004-11-01,105.2,106.3,97.6,105,107.5,106.4,108.6,101.3,105.6,104.8,106.1,106.5,112.7,106,109.8,103.1,96.6,107.4,109.1,118.3,117.1,98.4
2004-12-01,105.7,106.6,103.3,104.6,107.6,106.6,108.7,101.5,105.4,105.4,106.3,106.4,114.2,106.3,109.6,102.7,98.3,107.4,108.4,112.1,113.6,98
2005-01-01,105.4,106.8,94.5,106.6,108.2,106.9,108.2,99.7,105.3,104.8,106.9,106.4,113.6,106.6,109.6,102.7,97.9,107.5,108.8,114.9,115,98.6
2005-02-01,105.2,107,91.2,106.3,108.6,108.1,108.4,97,105.7,104.4,105.9,108.2,113.6,108,108.8,102.8,98.9,107.7,109.3,118.7,117.5,99
2005-03-01,105.6,107.2,93.5,107,109.2,109.7,108.7,94.8,106.3,105,107.2,107.7,115.1,109.7,108.8,103.9,98.8,108.1,110.3,124.9,121,98.9
2005-04-01,106.6,107.7,97.8,108.1,108.6,111.4,110.3,95.6,106.6,106.2,106.9,107.1,114.8,111.5,108.9,104.2,99.6,108.4,111.2,131.4,124.9,98.8
2005-05-01,106.8,107.8,98.9,107.1,108.1,111.4,110.2,99.3,106.7,106.4,106.5,106.2,112.6,111.7,108.2,101.8,100,108.6,110.9,127.3,122.5,99.8
2005-06-01,107.2,108.1,98.2,107.2,108.9,112.1,109.5,101.7,106.9,106.7,107.3,108.5,114.2,112.4,108.2,107.1,100,108.8,111.3,130.4,124.1,99.7
2005-07-01,106.9,108.5,94.5,107,108,111.8,110,102.4,107.1,106.3,105.8,106.5,113.8,111.9,109.6,108.3,100.1,109.4,111.8,135.5,128.3,99.8
2005-08-01,106.8,108.5,90.7,108,108.3,112.3,109.6,101.1,107.5,106,105.2,107.6,114.6,112.4,110,108.7,100.1,109.3,113.9,144.4,132.2,100.4
2005-09-01,105.8,108.8,85.3,106.9,108,112,109.7,96.5,108.4,104.5,104.9,105.8,114.7,112.2,109,109.7,99.5,110,116.7,160,142.1,99.5
2005-10-01,106.2,109.1,86.1,106.9,107.8,111.6,110.7,98.5,107.9,104.9,104.7,106.2,117,111.7,109.8,109.4,98.9,110.7,114,145.7,135.6,98.6
2005-11-01,106.7,109.3,92.9,107.1,107.8,111.9,110.5,98.2,107.7,105.6,106.3,103.1,112.8,112,109.8,109.2,99.8,110.8,113.2,129.4,127.4,98.4
2005-12-01,107.5,109.6,99.3,106.3,107.4,112.3,111.5,101.2,107.6,106.5,106,103.4,113.1,112.5,108.7,111.1,100.4,110.5,113.1,128.6,125.2,97.3
2006-01-01,108.4,110,108.5,108.5,107.1,112.7,110,100.4,108.2,107.8,105.2,100.8,114,112.8,109.9,109.8,100.1,111.8,114.7,136.9,132.7,97.4
2006-02-01,108.2,110.2,103,108.4,107.5,113.6,111.9,98.2,108,107.4,105.6,102.8,110.6,113.8,110.2,110,101.1,111.7,112.7,127.6,127.1,97.8
2006-03-01,108.2,110.5,97.7,109.9,107.6,114.1,112.5,96.9,108.6,107.2,104.5,100.7,114,114.4,111.1,109.6,100.4,111.9,114.2,134.1,130,96.9
2006-04-01,108.1,110.7,98.2,109.5,106.5,114.7,112.8,95.6,109.2,106.9,104.5,102,114.1,114.9,110.7,111.7,100.9,112.2,117.9,152.2,138.9,96.4
2006-05-01,108.7,111,98.2,109.8,106.8,115.8,113.1,99.2,109.7,107.7,105.3,99.8,113.1,116,112.1,110.8,101.2,113,117.8,151,139.8,97.1
2006-06-01,109.2,111.5,98.7,109.6,107.5,116,113.7,101.5,109.5,108.2,106.5,99.6,112.7,116.2,112.7,112.3,100.6,112.8,117.3,150.5,138.4,97.9
2006-07-01,109.2,110.7,98.2,108.8,107.1,115.5,114.5,106.1,109.6,108.5,106,99.4,112,115.8,112.4,110.5,101.1,113.2,118.3,157.3,142,98.6
2006-08-01,109.2,110.9,95.2,109.1,108.2,116.3,114.2,105,109.8,108.4,105.4,102.5,116.1,116.6,112.6,112.7,101.4,113.5,118,157.5,141.7,98.4
2006-09-01,108.8,111.1,91.7,108.6,109.4,116.7,113.5,102.1,109.2,107.8,107.9,103.1,116.4,117,112.8,112.2,100.4,114,112.8,130,128.8,98.5
2006-10-01,109.2,111.5,96.8,107.9,108.8,116.2,114.6,103,109,108.2,107.6,101.6,117.2,116.5,111.4,111.8,101.4,114.1,111.7,124.8,123.8,98.4
2006-11-01,110.1,112.3,97.4,108.8,109.6,117.3,115.7,103.6,109.2,109.1,108.3,99.6,118.2,117.5,113.4,110.5,100.1,114.1,112.7,125.3,123.8,99.7
2006-12-01,109.9,112.4,96.8,108.3,109.1,116.9,116.6,103.9,109.4,108.9,107.8,98.9,117.2,117.1,113.7,110.1,100.2,114.6,114.1,130.5,127.1,98.7
2007-01-01,110.9,112.6,101.8,109.6,109.4,118,116,106.2,109.4,110.2,106.6,102,118.8,118.2,115.2,109.3,101.2,114.8,113.3,126.4,125.2,99.2
2007-02-01,112.6,113,111.3,110.7,110.6,119.4,117.5,109.4,110.2,112.5,108.5,101.5,120.3,119.7,115.7,112.3,102.4,114.9,114.2,131.3,127.1,99.8
2007-03-01,112.2,113.1,108.9,110.9,110.9,119.6,116.7,106,111.1,111.9,108.6,98.1,122.8,119.7,117.7,110.5,101.6,115.4,117.7,147.6,135.9,100
2007-04-01,112.2,113.3,108.3,110,111.2,119.5,118.4,104.8,111.6,111.7,110.2,102.5,125,119.5,118.1,111.6,99.9,116.2,118.6,151.4,139.1,99.7
2007-05-01,112.5,113.6,105.6,110.5,111.7,120.5,117.3,107.6,112.1,112,110.9,101.8,122.7,120.6,118.2,110.8,102,116,120.7,159.7,142,100.5
2007-06-01,112.6,114.1,102.2,110.6,112.4,120.3,117.5,108.6,111.9,111.9,111.4,102.3,123.1,120.4,118.8,112.8,101.7,116.8,119.2,153.1,140.1,100.8
2007-07-01,112.3,114.7,97.9,110.1,112.3,120.2,118.1,107.9,112,111.4,110.1,102.5,123.8,120.3,119.5,112.4,102.2,117,118.5,152.9,139.6,101
2007-08-01,111.8,114.8,92.1,110.2,112,120.2,118.2,106.8,111.7,110.6,108.5,104.1,123.9,120.2,119.4,111.8,102,117.6,116.3,145.4,136.4,101.2
2007-09-01,110.9,114.8,85.9,110.1,111.8,120.6,116.5,103.1,111.9,109.2,108.6,103.4,124.4,120.7,119.1,111.1,102.1,117.8,116.9,146.5,136.6,100.2
2007-10-01,110.7,114.9,86.5,109.4,110.6,119.8,118,102.2,111.6,108.9,109.2,101.8,123.4,119.7,119.8,110.2,102.2,118.7,115.2,141.7,134.5,100.5
2007-11-01,111.3,115,89.6,109.2,110.8,120.2,121.4,103,111.9,109.8,107.5,100,123.9,120.2,119.7,109,102.8,118.8,116.7,147.4,136.5,99
2007-12-01,111.7,115.4,93.5,109.5,110,119.7,122.1,102.9,112,110.1,108.6,97.6,123,119.7,119.4,110.5,102.6,119.2,117.5,149.9,138.2,98.9
2008-01-01,112.4,114.6,98.6,108.2,111.1,121.3,124.3,105,111.8,111.4,107.2,100.9,127.1,121.3,120.8,111.2,102.6,119.2,117.6,152.8,139,99.5
2008-02-01,112.8,115.2,96.9,111.1,111.1,122.4,125.6,100.5,112.2,111.8,108.2,99.9,124.3,122.6,120.3,109.8,101.9,119.6,117,153.7,139.4,100.6
2008-03-01,112.6,115.2,94.1,110.7,110.9,122.9,127,99.8,112.6,111.6,108.1,100.8,125.8,123.1,120.4,108.9,102.6,120.1,117.8,159.3,143.2,100.6
2008-04-01,113.5,115.5,94.5,112.1,110.8,123.6,130.1,101,113.5,112.7,109.5,100.7,123.5,123.7,121.7,110.1,103.3,121.2,120.1,168.9,150.2,100.7
2008-05-01,114.6,115.9,99.2,111.4,111.7,124.5,132.6,105.4,114.6,114.1,110.1,102.1,125.4,124.6,121.8,109.2,106.1,121.6,123.6,183.7,158.4,100.8
2008-06-01,115.8,116.9,104.1,111.8,112.8,124.6,132.9,107.5,115.4,115.3,110,103,126.8,124.8,122.2,112.4,108,122.3,125.8,194.3,165.3,100.9
2008-07-01,116.5,117.3,106.2,112,113.3,124.5,135.2,109.1,115.8,116.2,109.8,103,128.2,124.5,123.8,112.8,108.4,123.3,125.7,196.7,169.1,100.9
2008-08-01,116.8,117.9,99.3,113.2,115,124.8,135.8,110.5,115.6,116.4,112.2,103.6,130.7,124.7,126,114.7,110,123.8,123.1,183.7,164,101.2
2008-09-01,117.1,118.5,95.3,115.3,115.6,125.7,134.6,110.3,115.7,116.5,113.7,105.6,129.9,125.7,125.8,117,110.3,123.1,122.4,185.3,161.5,101.8
2008-10-01,117.4,118.8,95.4,115.7,114.6,126.2,136.7,110.2,114.5,116.8,113.6,104,131.2,126.2,125.3,116.1,111.2,123.2,117,160.5,147.5,101.7
2008-11-01,119.5,119,110.1,115.9,117.4,126.7,137.1,114.3,114.1,119.7,115.9,105.8,133.6,126.7,125.3,115.4,114.1,123.4,113.2,126.2,130.7,103.6
2008-12-01,119.8,119.1,113.9,116.6,116.1,126.9,137.2,114.6,113.3,120,116.9,105.3,129.3,126.9,125.9,115.7,116.1,123.4,110.3,111.3,123,102.6
2009-01-01,120.6,119.6,115.4,117.6,117.1,127.6,137.3,115.6,113,121,115.6,105.8,135.4,127.6,126.3,113.8,115.7,123.1,108.8,116.9,123.8,104.8
2009-02-01,121.2,119.9,117.7,119.6,117.9,129.2,137.8,112,113.8,121.8,118,105.6,131.4,129.4,125.5,115.6,114.2,123.2,110.2,123.4,127.2,108
2009-03-01,121.5,120,114.9,120.8,119.3,129.8,137.7,111.7,114,122.2,117.1,107.5,136.1,130,126,114.6,119.9,122.6,110.5,125.9,127.1,108.2
2009-04-01,121.6,120.4,114.7,120.4,118.6,129.5,138.7,112.5,113.9,122.1,119.4,108,134.6,129.8,124.9,117.1,120.9,121.4,110.5,127.1,123.9,107.3
2009-05-01,121.9,120.5,113.9,121.5,119,128.9,137.9,115.5,114.7,122.5,120.1,109.1,131.1,129.1,125.8,117.7,123.4,121.4,113.5,137.6,129.4,107.9
2009-06-01,122.2,121.1,113.6,121.2,119.9,129.4,137.6,115.8,115.1,122.7,120.7,107.2,133,129.7,125.3,119.7,124.3,121.3,116.1,147,133.9,108.4
2009-07-01,122.3,121.3,113.5,120.9,119.7,128.7,138.2,116.9,114.7,122.7,119.5,106.5,134.4,128.9,125.6,120.4,124.5,120.8,114.3,141,129.6,109.7
2009-08-01,121.5,121.6,106.2,122,119.1,128.1,137.6,113.2,114.7,121.5,118,106.5,134.7,128.3,125,119.6,124,121.1,114.8,144.7,132.6,110.6
2009-09-01,120.4,121.8,97.7,120.8,118.6,128.9,136.9,109.4,114.7,119.7,117.1,107.6,134.4,129.2,124.8,117.6,125.2,120.9,113.6,142.6,131.3,109.4
2009-10-01,120.1,122,95.7,120.3,117,128.3,138.5,110,114.6,119.3,115.3,106.4,134.5,128.5,124.4,118.8,125.1,121.2,113.4,139.5,128.8,109.7
2009-11-01,121.5,122.2,107.3,121,118.1,129.3,137.4,112.5,115.2,121.2,115.7,105.5,135.4,129.6,126,119.2,124.9,121.3,115.4,144,132.4,109.2
2009-12-01,121.8,122.5,112.2,120.4,116.9,129.3,139,111.9,114.8,121.5,116.1,103.7,132.6,129.6,124.7,121.1,125.8,121.3,115.5,139.8,130.3,109.5
2010-01-01,122.3,122.7,110.9,123.4,116.8,129.6,138.4,112.3,115.1,122.1,114.6,102.8,133.7,129.9,125.5,120.8,126.9,121.8,117.2,144.8,133.9,109.5
2010-02-01,122.7,123,110.4,124,117.7,131,139.5,110.5,115.6,122.5,115.9,104.3,132.2,131,129.5,121.4,127.5,121.8,116.7,142.3,132.3,108.7
2010-03-01,123.1,123.1,113.2,125.2,117.4,130.3,138.9,112.2,115.6,123.1,116.1,102.3,133.1,130.4,128.7,121.7,125.6,121.7,117.1,147.6,134.5,108.4
2010-04-01,122.8,123.2,116.6,123.9,117.7,129.9,137.6,109.3,116,122.6,116.2,103.8,134.7,129.9,128.5,118.7,125.2,122.4,117.4,147.8,136,108.6
2010-05-01,122.9,123.1,115.2,123.4,118.7,130,137.6,111.4,116.3,122.8,118.5,106.4,131.3,130.1,128.4,120.1,126.4,123,118.1,147.1,137.4,108.7
2010-06-01,123,123.3,113.8,122.9,119,130.1,138.5,112.3,116.2,122.8,117.3,107.4,132.9,130.2,127.8,121.4,125.9,123.3,117.3,142.8,135.7,109.1
2010-07-01,123.7,124.7,111,124.5,120,130,139,113.9,116.8,123.4,118.3,106.8,134.6,130.1,127.9,120.6,127.9,124.3,117.4,147.8,139.8,109.5
2010-08-01,123.5,124.7,107.6,124.3,119.8,130.5,139.4,113.2,116.7,123,117.8,107.2,134.3,130.7,127.3,123,126.7,124,117.1,147.4,139.2,110.6
2010-09-01,122.9,124.3,100.9,125.3,120.5,130.6,138.4,111.1,116.9,122.3,119.3,109.1,133.7,130.7,128.1,123.1,126.2,123.9,117.1,147,138.7,109.1
2010-10-01,122.7,124.7,99.5,124.6,120,129.8,139.5,111.1,117.4,121.8,118.7,110.6,135,129.9,127.6,124.7,126,124.6,118.6,151.8,140.5,107.5
2010-11-01,123.3,125.2,104.1,124.6,120.2,130,138.5,112.6,117.5,122.4,117.5,108.4,134.2,130.2,127.2,128.6,128.1,124.4,120.7,154.4,141.3,108
2010-12-01,123.9,125.4,108.8,123.3,121.4,130.2,140.2,113.8,117.5,123.2,120.6,108.4,136.8,130.3,127.7,128.2,126.3,124.6,121.2,158,144,106.4
2011-01-01,124.9,126,112.1,126,121.5,130.8,139.4,114.8,117.8,124.4,119,109.5,138.5,131,127.9,127.2,127.2,124.5,122.8,163.6,146,107.9
2011-02-01,125.3,126.2,115.8,124.8,121.7,132.9,141.9,112.1,118.1,124.9,119.6,109.8,135.2,132.9,131.5,129.5,128.8,124.5,122.6,164.6,146.3,107.6
2011-03-01,127.2,126.4,128.3,128.1,123.3,134.2,142.8,110.7,119.4,127.6,123.6,111.8,134.3,134.3,131.5,133.8,129.3,124.6,124.8,175.5,151.7,108.2
2011-04-01,126.9,126.6,120.3,127.8,124.2,133.1,145.6,110.9,119.8,127.1,124.8,112.4,137.1,133,134.2,134.7,128.7,125.2,127.2,186.8,159.2,107.6
2011-05-01,127.7,127.1,119.2,128.1,125.1,134.2,146.3,115,120.6,128,126.4,113.7,137,133.9,136.3,136.7,128.2,125.2,128.9,190.5,160.2,109
2011-06-01,128.3,127.4,121.4,128.2,126,134.1,147.1,115.7,119.8,128.7,128.1,112.7,136.8,133.8,136.5,138.9,128,125.4,125.5,183.5,157,110.6
2011-07-01,129,127.5,121.7,129,126.6,134,147.3,120.4,120,129.7,127.3,113.4,139.1,133.4,140.3,141.1,127.8,125.9,125,182.5,157.9,109.7
2011-08-01,128.9,128.1,114.9,129.7,126.6,134.9,147.9,119.3,120.3,129.2,127.4,116.1,139.1,134.3,141.6,143.2,128.3,126.2,125.3,181,157.9,111.4
2011-09-01,128.2,128.1,110.6,129,127.8,134.9,146.8,116.5,120.6,128.2,128.2,118.3,141.2,134.2,142.2,144.4,127.8,125.7,126.3,180.4,156,110.1
2011-10-01,128,128.6,107.4,129.3,126.2,135,148.4,116.5,120.8,127.8,128,115.3,138.4,134.4,142,143,127.9,126.5,126.5,179.4,156.9,109
2011-11-01,129.2,128.9,114.8,129.9,127.7,134.8,149.3,118.3,120.9,129.4,128.4,116.1,139.7,134.1,142.9,144.1,126.8,126.3,127.6,175.2,154.1,108.9
2011-12-01,129.3,129,118.2,127.9,127.8,134.7,148.6,120.4,120.2,129.4,130.4,114.5,140.3,133.8,145.8,141.4,127.9,126.8,125.2,170,152.7,108.4
2012-01-01,130.2,129.5,120,130.2,129.4,135.1,148.8,119.1,120.7,130.5,133.2,113.8,143.8,134.2,145.5,144.2,128.2,127.1,127.4,174.7,155.5,110.7
2012-02-01,130.4,129.7,118.5,131.3,130.4,135.7,149,117.4,121.2,130.8,132.8,118.2,142.9,134.8,146.1,144.8,129,126.9,127.8,179.2,156.9,112.5
2012-03-01,130,129.8,113.3,131.7,130.4,136.3,149.9,114.7,121.7,130.1,133.6,117.4,141.8,135.4,147.1,144,128.7,126.6,129.5,187,159.5,111.2
2012-04-01,130.1,130.1,111.7,132.2,130.3,135.2,151,115.2,122.2,130.1,132.7,119.4,143.1,134.3,146.1,145.4,128.1,126.6,131.3,192.9,161,112.5
2012-05-01,130.9,130.3,113.3,131.5,132.7,136,149.4,121,122.1,131.2,135.5,118.7,146.6,135,147.3,142.9,128.6,126.7,129.9,186.1,157.7,112.5
2012-06-01,130.9,130.6,116.4,130.4,131.8,135.6,149.6,119.8,121.6,131,137.1,115.5,141.3,134.6,147.3,145.5,129.3,127,127.6,180.2,155.7,112.3
2012-07-01,131.7,130.6,117,131.6,133.3,136.4,150.2,122.6,121.5,132.2,136.6,119.7,145.1,135.5,147,146.4,128.9,127.2,126.4,180.1,156,112.8
2012-08-01,131.7,130.9,112.6,132.8,133.8,136.7,151.7,120.3,121.8,132.1,137.2,121.5,145.2,135.6,150.4,143.9,129,127.4,127.5,184.9,159.2,113.6
2012-09-01,130.3,131,107.1,130.9,132.6,136.3,149.9,117.4,122,130,136.2,118.9,144.5,135.1,150.4,146,128.7,127.2,128.3,188.8,160.6,111.6
2012-10-01,130.5,131.3,106.4,130.1,132.6,135.3,152.4,119.7,122.2,130.2,135.4,121.4,146.1,133.9,151.4,143.2,129.4,127.6,128.6,186.6,159.5,110.8
2012-11-01,131.4,131.6,110,130.7,133.2,136.3,151.4,123.1,121.9,131.3,137.3,118.8,143.5,134.8,155.2,144.7,129.1,127.5,127.3,175.9,153.8,111.2
2012-12-01,131.2,131.8,113.3,128.1,133.4,135.5,151.6,123.6,121.2,131,137.2,118,145.3,134,153.7,143.5,127.6,127.5,125.8,171.7,151.9,109.7
2013-01-01,131.6,132.1,115.7,129.1,133.2,135.6,151,122.8,121.3,131.3,136,118.3,147.6,134.1,153.9,144.3,128.3,127.8,126.7,171.6,152.8,110.7
2013-02-01,132.9,132.6,121.6,130,134.5,137.5,152.5,123.2,122.7,133.1,140.1,119.1,144.6,136.2,153,145.1,128.2,127.9,130.3,186.1,160.1,111.8
2013-03-01,132.4,132.7,119.1,130.2,134.2,136.4,152,121.4,122.9,132.3,138.3,119.8,145.9,135,153.6,146.5,129.2,128,129.5,186.5,159.9,111.4
2013-04-01,132.1,131.7,117.7,130.5,134.5,136.3,153.4,120.3,122.7,132.3,139,117.2,147,135,153,143.1,129.3,128.2,128.6,181.3,158,111
2013-05-01,132.6,131.8,118.5,130.7,134.5,137.1,152.8,122.6,123,132.9,139.1,118.9,145.4,135.6,154.4,144.6,128.9,128.3,129.2,183.3,159.3,113.8
2013-06-01,132.5,132.1,120.6,129.7,134.7,135.8,152.2,122.4,123,132.7,139.5,121.1,144,134.3,154,143,129.8,128.5,130.2,188.5,162.1,115.1
2013-07-01,132.7,132.5,119.6,130,135.2,135.6,152.2,123.2,123.1,132.8,139.4,122,147,134,154.3,142.5,131,128.8,129.8,191,164.2,115.9
2013-08-01,133,132.8,116,131.3,135.9,136.3,153.3,122.6,123.1,133,139.5,122.2,149,134.8,154.1,141.3,131,128.8,129.2,189,163,116.8
2013-09-01,131.9,132.9,112.7,129.9,135.2,135.1,151.4,120.2,123.3,131.4,139.7,124.6,146.4,133.7,152.5,142.9,131.1,129,129.3,188.2,163,116.2
2013-10-01,131.7,133.2,109.2,129.8,134.8,134.7,152,121.3,123,131.1,139.6,125.3,149.6,133.2,152.1,143.3,131.4,129.2,128.5,178.6,157,116.4
2013-11-01,132.8,133.2,119.5,129.4,135.7,134.7,151.8,123.6,123,132.7,140.7,123.8,146.6,133.1,154.1,141.2,131.2,129.8,128,176.6,157.4,116.4
2013-12-01,132.5,133.6,119.1,128.1,135,134,151.4,123.6,122.7,132,140.7,122.8,146.4,132.6,151.3,137.1,130.7,129.9,128.5,179.7,158.9,116.3
2014-01-01,133,133.8,120.7,129.6,135.1,134.7,150.1,123.1,123.1,132.6,141.6,123.7,145.7,133.2,153.2,139.1,131.7,130.5,129.2,179.5,160.2,120.1
2014-02-01,134.3,134,123.5,129.2,137.3,135.8,152.4,127.8,124.1,134.4,148.4,126.6,142.9,134.3,154,137.9,131.6,130.7,130.8,183.7,162.6,120.6
2014-03-01,134.4,134,123.9,130,138.7,135.7,151,126.3,124.8,134.6,151.5,127.1,143.4,134.3,152.4,135.8,132.2,131.4,131.7,189.2,167.2,123.1
2014-04-01,134.6,134.5,122.8,129.8,140.5,135.6,151,125.9,125.2,134.6,152.9,134.1,145.2,134.1,153.7,135.2,133,132.4,132.2,193.2,171.2,121.5
2014-05-01,135.7,134.6,125.7,130.1,145.2,135,150.8,128.3,125.8,136.2,155.7,138.8,146.4,133.4,154.3,132.3,133.7,132.6,132.7,194.8,172.7,124
2014-06-01,136.4,135.1,129.4,129.2,147.4,134.9,152,128.1,125.9,137,157.4,141.2,146.9,133.4,153.9,133.6,135.6,132.2,133.1,198.7,173,125.8
2014-07-01,136.5,135.3,126.9,129.7,147.7,135.2,151.9,128.4,125.7,137,157.4,140.9,148,133.6,154.7,132.9,135.8,132.6,131.5,195,171.9,126.1
2014-08-01,135.9,135.6,119.7,130.6,148.5,135.3,152.7,124.2,125.7,136,158.5,138.8,151.4,133.9,152.5,137,136,132.4,130.8,188.8,168.3,125.5
2014-09-01,135.5,135.9,115.1,130.2,150.7,136.4,149.5,123.1,125.8,135.3,165.4,141.8,151.9,134.9,154,137.1,134.7,132.5,130,187.2,167.4,124.5
2014-10-01,135.4,136.1,112.6,130.1,151.5,135.3,150.8,122.7,125.9,135.1,166.7,143.4,153.6,133.8,153,136.7,136.2,132.8,129.9,179.7,163.6,123.3
2014-11-01,136.9,136.5,123,129.9,152.2,136.2,151.8,125.8,125.4,137.1,170,141.7,149,134.9,152.3,134.7,134.8,132.8,127.7,166.2,156.5,124.1
2014-12-01,137.4,136.9,126.4,129.8,152.7,136,153,125.7,124.5,137.6,172.4,141.9,151.3,134.6,152.1,137.1,136.5,133,124.9,149.9,148.7,121.9
2015-01-01,139.1,137.5,132.2,132,153.8,136.1,151.7,131.2,124.3,139.7,172.5,142.9,152.8,134.6,154.2,136.1,136.1,133.1,122.4,131.3,139.5,123.6
2015-02-01,139.5,137.7,132.7,132.3,154.3,136.8,152.7,131.5,125.4,140.2,176.1,142.3,151.6,135.2,154.9,137.8,137.4,133.1,124.3,143.7,145.1,123.1
2015-03-01,139.5,137.8,131,132.9,155.1,137.2,152.9,129.8,126.3,140.2,178.5,142.1,150.6,135.7,155.7,137.3,138.1,133.3,126.6,152.8,149.8,123.9
2015-04-01,139.4,138.1,128.1,133.9,156.3,136.1,154.1,127.4,126.2,140,181.4,143.7,153.7,134.4,155.9,140.5,139.1,133.1,126.6,152.6,148.1,125.2
2015-05-01,140.8,138.5,132.7,133.7,156.7,137,156,132.7,126.9,141.8,183.3,142.9,152.7,135.6,154.1,139.9,139,133.2,128,161,152.4,126.3
2015-06-01,141,138.7,132,134.2,157.2,138.1,155.6,132.2,127.2,141.9,186.3,142.8,151.5,136.7,155.3,139.7,139.9,133.5,129.6,170.6,157.5,126.4
2015-07-01,140.9,139,132.3,133.3,156.7,137.1,156.1,133.6,127.3,141.8,184.4,143.7,155.9,135.5,155.9,138.9,138.6,133.8,129.2,171.3,159.2,126.1
2015-08-01,140.8,139.4,127,135,157.8,136.5,156.4,131.5,127.3,141.4,182.9,146.1,156.7,134.8,155.7,141.6,140,133.9,127.8,165.1,156.1,126.7
2015-09-01,140.3,139.6,125.1,134.8,157.3,135.8,154.2,131.6,127.1,140.6,185.3,145.8,157.2,134.1,156,140.4,140.9,133.9,125.4,152.1,149.3,127.2
2015-10-01,140.9,139.8,124,134.3,159,137.3,155.1,133.9,127.2,141.3,188.1,146.7,159.4,135.7,156.2,141.7,140.4,134.3,125.8,149,146.6,126.2
2015-11-01,141.6,140.3,133.1,133.7,158.1,136.8,154.9,135.2,127.1,142.2,183.8,143.5,158.3,135.2,156.3,139.7,140.3,134.4,126.3,148.6,146.5,125.6
2015-12-01,142.5,140.7,139.7,133.8,156.4,136.7,156.1,138.3,126.5,143.2,182.4,143.7,156.8,135,157.1,139.2,141.8,134.5,125.6,142.7,143.4,124.1
2016-01-01,144.6,141,150.7,134.8,156.9,136.7,156.6,144.9,126.8,146.1,181.6,144.1,155.6,135,157.5,139.7,141.9,134.6,125.1,134.1,139,127.7
2016-02-01,145,141.4,150.9,135.6,156.8,137.8,156.2,145.7,127.1,146.4,181.8,141.3,153.6,136.3,156,139.6,141.1,134.7,123.7,124.9,134.6,127.3
2016-03-01,144.5,141.4,146.6,135.9,160,136.8,155.6,141.7,127.9,145.8,189.7,145,155.9,135.2,155.4,141.5,140.8,134.8,125.3,132,138.1,127.4
2016-04-01,143.8,141.8,140.7,136.4,158.7,136.7,156.4,138.2,128.3,144.6,185.9,140.9,153,135,156.3,138.5,142.1,134.9,127.8,143.7,143.4,129.6
2016-05-01,143.3,142.1,134.5,136,159.1,136.6,156.6,137.6,128.8,143.8,185.2,141.2,154.8,135,155.5,138,142.4,135.1,129.4,149.6,146.9,130.6
2016-06-01,142.8,142.3,135.8,135.2,156.7,135.5,155.2,137.4,129.1,143.1,180.1,139.5,152.7,133.8,156.3,137.8,143.3,135.6,131,156.1,150.6,131.9
2016-07-01,143.2,142.7,135.2,135.8,158.4,135.8,155.4,135.9,128.9,143.4,178.9,144.7,155.9,134,157,137.6,143.7,136,128.9,147.4,147.4,132.9
2016-08-01,142.3,142.9,129.4,136.1,157.5,136.7,155.3,130.9,128.7,142,177,142.6,156.4,135,156.6,138,143.9,136.2,128.2,146.1,147,132.8
2016-09-01,140.4,143.1,122.9,133.3,156.7,134.6,151.5,129.7,128.8,139.3,177.2,141.8,157.7,132.6,158.2,136.2,143.5,136.2,128.3,147.3,147.3,132
2016-10-01,139.9,143.5,120.8,133.2,156.3,133.7,151.9,127,129.1,138.4,178,138.8,159,132.5,147.5,136.2,142.8,136.9,129.6,152.7,150.2,129.4
2016-11-01,140.6,143.8,128.1,133.3,155,133.5,149.6,130.8,128.6,139.4,173.3,139.3,154.8,132.4,146.8,135.5,144,137.2,128.1,146.1,146.8,131.2
2016-12-01,140.6,144,129.3,132.3,154.8,133.6,149.7,131.1,128.4,139.2,172.7,139.6,155.8,132.5,146.2,132.1,144.4,137.3,129.4,150.6,149.1,130.3
2017-01-01,141.5,144.3,130.9,133.4,154.3,134.5,150.4,133.6,129.5,140.3,172.2,137.9,157.3,133.5,146.5,134.1,144.4,137.8,133,161.7,155.8,132.8
2017-02-01,141.7,144.7,132.9,133.9,154.2,133.9,150.5,132.5,129.7,140.4,174.2,136.3,152.9,132.9,146.4,134.3,144.8,137.6,131.9,153.7,151.1,132
2017-03-01,141.8,144.8,133.9,134.3,155.2,134.2,150.7,129.9,129.9,140.6,176.4,135.2,153.8,133.2,146.3,137.4,144.6,137.7,131.1,152,149.8,134.5
2017-04-01,142.2,145.3,132.9,134.1,155.4,134.7,151.6,131.8,130.4,140.9,176.9,139.1,154.5,133.6,148.2,138.1,143.8,137.9,133.2,166.5,157.2,133.5
2017-05-01,143.1,145.5,136.3,134.3,155.9,134.3,151.2,136.5,130.5,142.1,179,140.5,153.6,133.2,147.7,136.2,143,137.7,132.3,159.8,151.8,136.2
2017-06-01,143.6,145.9,139.4,134,156.5,133.6,151.7,137.4,130.4,142.6,178.9,142.1,158.1,132.3,148.7,138,142.9,137.8,131.8,153.9,148.7,137.4
2017-07-01,144.1,146.4,137.8,134.3,158.4,133.5,152.3,139.6,130.4,143.2,179.8,143.7,160.1,132.2,149.1,138.3,141.4,137.7,131.3,154.2,147.8,137.9
,,,,,,,,,,,,,,,,,,,,,,
,,,,,,,,,,,,,,,,,,,,,,
,,,,,,,,,,,,,,,,,,,,,,
,,,,,,,,,,,,,,,,,,,,,,
,,,,,,,,,,,,,,,,,,,,,,
,,,,,,,,,,,,,,,,,,,,,,
,,,,,,,,,,,,,,,,,,,,,,
